<?xml version="1.0" encoding="UTF-8" ?>
<!DOCTYPE mapper PUBLIC "-//mybatis.org//DTD Mapper 3.0//EN" "http://mybatis.org/dtd/mybatis-3-mapper.dtd" >
<mapper namespace="com.example.demo1.dao.UserMapper">
    <resultMap id="BaseResultMap" type="com.example.demo1.model.User" >
        <id column="ID" property="ID" jdbcType="INTEGER" />
        <result column="UserName" property="UserName" jdbcType="VARCHAR" />
        <result column="UserNO" property="UserNO" jdbcType="VARCHAR" />
    </resultMap>
    <select id="findAll" resultType="com.example.demo1.model.User">
        SELECT * FROM user
    </select>
    <select id="find" resultType="com.example.demo1.model.User" parameterType="java.lang.Integer">
        SELECT * FROM user where ID = #{id}
    </select>
</mapper>